route_id,delay_minutes
5224,18.0
4929,17.0
4624,16.666666666666668
4040,16.5
5504,16.5
845,16.0
3012,16.0
2598,15.666666666666666
5227,15.5
1968,15.5
4527,15.2
2863,15.0
2287,15.0
4882,15.0
2101,15.0
2240,14.833333333333334
502,14.75
4157,14.666666666666666
1859,14.666666666666666
2460,14.6
3377,14.5
5211,14.5
3895,14.5
3451,14.5
4930,14.333333333333334
5118,14.333333333333334
316,14.25
819,14.25
2594,14.25
1656,14.2
2942,14.125
1793,14.0
4074,14.0
3412,14.0
4221,13.833333333333334
2785,13.75
4742,13.727272727272727
4844,13.666666666666666
4874,13.666666666666666
2914,13.625
5541,13.6
3004,13.6
2200,13.6
5220,13.5
1794,13.5
2662,13.444444444444445
3625,13.4
3117,13.375
5816,13.333333333333334
3122,13.25
2918,13.25
112,13.2
838,13.166666666666666
518,13.166666666666666
4490,13.166666666666666
5678,13.142857142857142
1509,13.1
2195,13.083333333333334
4162,13.0
4238,13.0
5213,13.0
5112,13.0
3648,13.0
3641,13.0
2738,13.0
4478,13.0
2944,13.0
4008,12.9
3254,12.9
2413,12.857142857142858
2588,12.857142857142858
5680,12.857142857142858
4847,12.846153846153847
3011,12.846153846153847
4392,12.833333333333334
4159,12.821428571428571
828,12.818181818181818
3088,12.75
1739,12.75
3276,12.666666666666666
3697,12.666666666666666
5263,12.666666666666666
567,12.666666666666666
5117,12.666666666666666
2864,12.666666666666666
3564,12.633333333333333
2771,12.625
2989,12.625
4453,12.6
4033,12.56
5192,12.541666666666666
2541,12.5
2034,12.5
3759,12.5
5817,12.5
2739,12.5
3684,12.5
2371,12.466666666666667
4805,12.454545454545455
3353,12.454545454545455
4438,12.444444444444445
4610,12.444444444444445
5469,12.444444444444445
4571,12.416666666666666
5894,12.4
5168,12.4
3251,12.384615384615385
2432,12.375
1988,12.375
5806,12.333333333333334
5761,12.333333333333334
229,12.333333333333334
4477,12.333333333333334
1563,12.333333333333334
4018,12.3
4139,12.285714285714286
1690,12.285714285714286
2878,12.25
1571,12.25
3888,12.25
5675,12.25
2735,12.25
2593,12.25
4920,12.235294117647058
344,12.208333333333334
2689,12.2
2199,12.2
216,12.1875
145,12.181818181818182
5374,12.166666666666666
2922,12.166666666666666
185,12.142857142857142
3722,12.136363636363637
2487,12.125
1555,12.125
4641,12.125
1612,12.1
5503,12.1
5371,12.1
2614,12.066666666666666
2069,12.0625
3410,12.0
5579,12.0
2981,12.0
5306,12.0
2784,12.0
2862,12.0
2814,12.0
3616,12.0
1875,11.952380952380953
4647,11.88888888888889
4690,11.882352941176471
2315,11.875
4382,11.875
5441,11.866666666666667
3075,11.866666666666667
539,11.857142857142858
5629,11.833333333333334
3323,11.833333333333334
2514,11.833333333333334
3793,11.833333333333334
4606,11.8
3176,11.8
2776,11.8
1249,11.8
2017,11.785714285714286
4015,11.785714285714286
665,11.76923076923077
2507,11.766666666666667
4880,11.75
1921,11.75
897,11.75
4595,11.75
3143,11.735294117647058
2910,11.733333333333333
2740,11.727272727272727
5823,11.727272727272727
1804,11.714285714285714
2423,11.708333333333334
3502,11.681818181818182
4320,11.666666666666666
4119,11.666666666666666
4109,11.666666666666666
3380,11.666666666666666
4772,11.65
2071,11.642857142857142
4436,11.625
4917,11.625
2539,11.617647058823529
368,11.615384615384615
2179,11.6
2201,11.6
2066,11.583333333333334
3237,11.583333333333334
3375,11.557692307692308
5632,11.555555555555555
2815,11.533333333333333
4724,11.5
2997,11.5
4553,11.5
354,11.5
2564,11.5
3661,11.5
3385,11.5
5198,11.5
5234,11.5
2476,11.5
3111,11.5
4433,11.483333333333333
3452,11.45
5818,11.45
4922,11.447368421052632
2272,11.444444444444445
4867,11.444444444444445
1499,11.4375
56,11.428571428571429
208,11.428571428571429
4542,11.416666666666666
4278,11.416666666666666
5917,11.416666666666666
3113,11.4
860,11.4
3005,11.4
5199,11.4
2114,11.4
4840,11.377777777777778
5726,11.375
709,11.375
2719,11.375
3551,11.368421052631579
5565,11.35
2057,11.346153846153847
5046,11.333333333333334
5372,11.333333333333334
4391,11.333333333333334
5589,11.333333333333334
5639,11.333333333333334
3188,11.333333333333334
1357,11.333333333333334
5277,11.333333333333334
2369,11.333333333333334
5854,11.333333333333334
3317,11.333333333333334
4217,11.323529411764707
13,11.318181818181818
4130,11.3125
3,11.307692307692308
1022,11.3
3073,11.3
253,11.295454545454545
2966,11.285714285714286
5839,11.285714285714286
516,11.277777777777779
3469,11.25925925925926
5855,11.25
3121,11.25
2282,11.25
4738,11.25
3651,11.25
526,11.25
4389,11.25
3659,11.25
3344,11.233333333333333
3045,11.23076923076923
451,11.222222222222221
4064,11.222222222222221
5020,11.217391304347826
4191,11.214285714285714
5200,11.214285714285714
40,11.2
2033,11.2
2945,11.2
4422,11.2
5742,11.2
5573,11.1875
2133,11.176470588235293
4370,11.175
3437,11.166666666666666
4600,11.166666666666666
565,11.166666666666666
4134,11.166666666666666
4177,11.166666666666666
3989,11.166666666666666
1649,11.166666666666666
4928,11.166666666666666
2921,11.166666666666666
4212,11.153846153846153
2829,11.142857142857142
3750,11.142857142857142
5490,11.142857142857142
5570,11.142857142857142
4101,11.136363636363637
3580,11.136363636363637
5282,11.125
2538,11.125
1251,11.11111111111111
747,11.11111111111111
3201,11.11111111111111
1858,11.1
4444,11.1
924,11.090909090909092
4729,11.090909090909092
434,11.090909090909092
5365,11.090909090909092
4583,11.083333333333334
527,11.083333333333334
3269,11.083333333333334
1892,11.083333333333334
2268,11.071428571428571
1673,11.066666666666666
3864,11.0625
705,11.06140350877193
2053,11.058823529411764
482,11.05
1641,11.047619047619047
4233,11.045454545454545
3392,11.043478260869565
3215,11.041666666666666
1438,11.035714285714286
2855,11.035087719298245
1300,11.0
5562,11.0
39,11.0
4633,11.0
2035,11.0
4985,11.0
4199,11.0
4730,11.0
5625,11.0
3762,11.0
3399,11.0
5593,11.0
5569,11.0
4222,11.0
2454,11.0
3795,11.0
4689,11.0
696,11.0
2967,11.0
4552,11.0
4590,11.0
5216,11.0
3090,10.977272727272727
4450,10.952380952380953
4664,10.933333333333334
5641,10.933333333333334
3978,10.928571428571429
2061,10.928571428571429
3020,10.925
5171,10.925
3874,10.923076923076923
2382,10.916666666666666
3366,10.916666666666666
3490,10.916666666666666
2676,10.916666666666666
4214,10.916666666666666
5340,10.909090909090908
3406,10.909090909090908
5182,10.9
3596,10.9
111,10.9
2115,10.892857142857142
2063,10.88888888888889
3746,10.88888888888889
1694,10.884615384615385
4957,10.883333333333333
2744,10.880952380952381
4118,10.875
2070,10.875
4578,10.875
4971,10.866666666666667
5440,10.866666666666667
1672,10.851851851851851
519,10.85
4799,10.846153846153847
4650,10.833333333333334
3976,10.833333333333334
5096,10.833333333333334
5482,10.823529411764707
2907,10.823529411764707
325,10.822222222222223
2429,10.818181818181818
1047,10.818181818181818
3904,10.8
4213,10.791666666666666
5765,10.785714285714286
2072,10.785714285714286
2948,10.785714285714286
2004,10.784313725490197
2125,10.777777777777779
4611,10.777777777777779
5511,10.775
3124,10.767857142857142
4856,10.764705882352942
564,10.75925925925926
5307,10.75
4330,10.75
2056,10.75
5037,10.75
2208,10.75
5175,10.75
5436,10.75
4614,10.75
3139,10.745098039215685
3235,10.736842105263158
4942,10.733333333333333
2185,10.732142857142858
3249,10.73076923076923
5081,10.727272727272727
5460,10.727272727272727
5484,10.727272727272727
3305,10.727272727272727
4750,10.727272727272727
4934,10.722222222222221
3821,10.722222222222221
2164,10.722222222222221
5731,10.722222222222221
1083,10.716666666666667
4250,10.7125
2058,10.708333333333334
4485,10.708333333333334
4876,10.703703703703704
5456,10.7
5308,10.7
1078,10.7
101,10.7
1665,10.7
5324,10.7
4473,10.7
5759,10.692307692307692
960,10.692307692307692
2094,10.692307692307692
3740,10.688888888888888
3234,10.688888888888888
4260,10.6875
4303,10.685714285714285
2119,10.681818181818182
814,10.681818181818182
4646,10.68
4155,10.678571428571429
3870,10.676767676767676
2077,10.674242424242424
925,10.666666666666666
4962,10.666666666666666
5437,10.666666666666666
4169,10.666666666666666
3919,10.666666666666666
5410,10.666666666666666
5849,10.666666666666666
3141,10.666666666666666
4429,10.666666666666666
1873,10.666666666666666
3195,10.666666666666666
4465,10.660714285714286
3360,10.658333333333333
4832,10.652173913043478
4077,10.651515151515152
3817,10.65
4201,10.65
2894,10.65
329,10.647058823529411
4939,10.647058823529411
3273,10.644444444444444
3997,10.642857142857142
3998,10.642857142857142
2949,10.642857142857142
4347,10.64102564102564
3433,10.63888888888889
2984,10.636363636363637
2897,10.636363636363637
3686,10.628571428571428
2694,10.628571428571428
2720,10.625
3103,10.625
662,10.625
5040,10.625
4878,10.625
5764,10.615384615384615
2206,10.61111111111111
2256,10.607843137254902
5461,10.604166666666666
2709,10.604166666666666
1863,10.6
5642,10.6
3908,10.591836734693878
2126,10.590909090909092
5443,10.583333333333334
2456,10.583333333333334
1592,10.583333333333334
3318,10.583333333333334
2938,10.583333333333334
4249,10.575
1904,10.571428571428571
5115,10.571428571428571
2060,10.571428571428571
3388,10.567567567567568
417,10.566666666666666
741,10.566666666666666
3901,10.5625
1795,10.56140350877193
3967,10.557692307692308
2715,10.555555555555555
5824,10.555555555555555
4432,10.555555555555555
5514,10.555555555555555
4257,10.555555555555555
3246,10.555555555555555
2693,10.55
2005,10.549019607843137
257,10.547619047619047
4789,10.545454545454545
2209,10.5390625
2779,10.538461538461538
4350,10.538461538461538
4811,10.533333333333333
3837,10.529411764705882
2122,10.526315789473685
1802,10.525
5549,10.523809523809524
4209,10.520833333333334
1017,10.520833333333334
1963,10.516666666666667
3407,10.50909090909091
3624,10.5
3771,10.5
5501,10.5
4218,10.5
3071,10.5
537,10.5
4824,10.5
3260,10.5
3954,10.5
5228,10.5
2187,10.5
3781,10.5
5419,10.5
804,10.5
4754,10.5
4430,10.5
4735,10.5
4579,10.5
3418,10.5
2726,10.5
1214,10.5
5571,10.5
939,10.5
1849,10.493333333333334
4592,10.492307692307692
2642,10.48989898989899
3709,10.485714285714286
3468,10.481481481481481
2471,10.48
3421,10.476851851851851
2045,10.475
1924,10.472222222222221
4056,10.470588235294118
4372,10.46875
2827,10.466666666666667
2933,10.466666666666667
4021,10.466666666666667
1973,10.461538461538462
5364,10.461538461538462
3665,10.461538461538462
426,10.458333333333334
654,10.454545454545455
2736,10.454545454545455
4790,10.454545454545455
5366,10.454545454545455
3180,10.452380952380953
3982,10.45054945054945
4839,10.45
2085,10.444444444444445
5290,10.444444444444445
3169,10.444444444444445
5631,10.444444444444445
532,10.444444444444445
4937,10.444444444444445
4252,10.441666666666666
3884,10.4375
1776,10.4375
2078,10.434782608695652
2765,10.433333333333334
4781,10.428571428571429
3634,10.428571428571429
1744,10.428571428571429
3362,10.423076923076923
5438,10.421052631578947
3682,10.416666666666666
4325,10.416666666666666
1823,10.414965986394558
2846,10.4140625
5941,10.412698412698413
4140,10.4125
4224,10.410714285714286
3729,10.409090909090908
5260,10.409090909090908
79,10.40677966101695
2373,10.402777777777779
5474,10.402777777777779
2909,10.4
2406,10.4
4927,10.4
3929,10.4
3177,10.4
2259,10.4
3142,10.397435897435898
5602,10.397058823529411
3288,10.395833333333334
4036,10.395833333333334
4215,10.392857142857142
5066,10.391304347826088
3829,10.390243902439025
2959,10.380952380952381
3592,10.377777777777778
4061,10.375
1704,10.375
5162,10.375
4044,10.375
5645,10.375
3205,10.375
5358,10.37
340,10.368421052631579
2749,10.367521367521368
433,10.363636363636363
2192,10.363636363636363
4862,10.363636363636363
3092,10.363636363636363
2521,10.362745098039216
2010,10.36
1355,10.357142857142858
2095,10.354166666666666
4474,10.35
3172,10.35
5051,10.348484848484848
1410,10.346774193548388
2813,10.34640522875817
3429,10.346153846153847
2608,10.346153846153847
4198,10.34375
810,10.336538461538462
2149,10.333333333333334
5848,10.333333333333334
2308,10.333333333333334
4337,10.333333333333334
3582,10.333333333333334
3604,10.333333333333334
2652,10.333333333333334
4271,10.333333333333334
4295,10.333333333333334
3411,10.333333333333334
4383,10.333333333333334
5615,10.333333333333334
3213,10.333333333333334
4031,10.325
472,10.325
4316,10.321428571428571
5232,10.321428571428571
5728,10.32
2378,10.315217391304348
5581,10.3125
1790,10.307692307692308
1943,10.307692307692308
392,10.305555555555555
5598,10.303571428571429
1721,10.303571428571429
4174,10.3
1788,10.3
5323,10.3
2002,10.3
1412,10.3
3705,10.298245614035087
4311,10.297619047619047
2437,10.296875
3456,10.294117647058824
3002,10.294117647058824
2419,10.291666666666666
5552,10.291666666666666
5240,10.290909090909091
18,10.288109756097562
4671,10.285714285714286
2587,10.285714285714286
335,10.285714285714286
5463,10.285714285714286
2284,10.285714285714286
3849,10.285714285714286
455,10.285714285714286
4864,10.285714285714286
3079,10.285714285714286
1813,10.28125
3422,10.28125
5163,10.28061224489796
1580,10.28
4445,10.279761904761905
2599,10.279503105590063
421,10.279411764705882
1840,10.277777777777779
4932,10.274193548387096
4737,10.272727272727273
5459,10.270833333333334
495,10.266666666666667
1971,10.266666666666667
5074,10.263157894736842
3798,10.263157894736842
5265,10.261538461538462
262,10.25925925925926
4548,10.258333333333333
3554,10.254166666666666
3868,10.25
4659,10.25
5673,10.25
2654,10.25
3363,10.25
2774,10.25
4397,10.25
463,10.25
3257,10.25
2425,10.25
3683,10.25
4910,10.25
5246,10.25
3060,10.25
2421,10.25
3272,10.244444444444444
3621,10.242857142857142
3523,10.237037037037037
5018,10.236363636363636
3570,10.235294117647058
1948,10.233333333333333
4853,10.232142857142858
3572,10.23076923076923
3528,10.23076923076923
3052,10.23076923076923
64,10.229166666666666
2055,10.227891156462585
4065,10.222222222222221
2872,10.222222222222221
3289,10.222222222222221
4673,10.222222222222221
388,10.222222222222221
5278,10.222222222222221
3016,10.222222222222221
2013,10.22072072072072
4905,10.22
287,10.21951219512195
3739,10.214285714285714
3032,10.212418300653594
5603,10.2109375
2928,10.209030100334449
5512,10.208333333333334
1106,10.208333333333334
4655,10.207692307692307
3335,10.206521739130435
3204,10.203125
3586,10.202898550724637
3707,10.202380952380953
5349,10.2
3039,10.2
20,10.2
102,10.2
4921,10.2
1411,10.2
5555,10.2
5377,10.2
5727,10.2
1737,10.197530864197532
4982,10.194444444444445
4041,10.194444444444445
3167,10.192307692307692
2491,10.192307692307692
5161,10.19047619047619
2960,10.1875
4098,10.1875
5617,10.1875
5094,10.181818181818182
4815,10.181818181818182
5458,10.181818181818182
3158,10.178947368421053
4060,10.176470588235293
490,10.175824175824175
4369,10.175438596491228
1979,10.175
3173,10.175
4830,10.172413793103448
3174,10.171875
4196,10.171875
4935,10.17142857142857
3529,10.171052631578947
4885,10.16875
5233,10.166666666666666
3436,10.166666666666666
2999,10.166666666666666
4667,10.166666666666666
3401,10.166666666666666
2544,10.166666666666666
5206,10.166666666666666
4301,10.166666666666666
4525,10.166666666666666
2211,10.166666666666666
3404,10.16
2392,10.157894736842104
2575,10.157894736842104
3550,10.157894736842104
3308,10.153846153846153
669,10.153846153846153
2276,10.153846153846153
3350,10.15
242,10.149068322981366
2589,10.148387096774194
1897,10.147826086956522
4440,10.146464646464647
5473,10.145833333333334
4585,10.142857142857142
2188,10.142857142857142
5462,10.142857142857142
4807,10.141304347826088
2190,10.13888888888889
302,10.138461538461538
805,10.137931034482758
5209,10.136363636363637
3428,10.134615384615385
5338,10.133928571428571
4158,10.133333333333333
320,10.133333333333333
4307,10.133333333333333
454,10.133333333333333
4231,10.131578947368421
1960,10.126984126984127
4204,10.125
1989,10.125
2916,10.125
4380,10.125
5455,10.125
4582,10.125
4467,10.125
2418,10.125
3450,10.125
3239,10.125
3533,10.120535714285714
3669,10.12
4776,10.12
2009,10.117647058823529
5092,10.117647058823529
3430,10.117647058823529
4560,10.1171875
5758,10.116666666666667
2750,10.115646258503402
4296,10.114583333333334
2565,10.113636363636363
382,10.111607142857142
2189,10.11111111111111
5584,10.11111111111111
2790,10.11111111111111
2649,10.11111111111111
4414,10.10576923076923
4588,10.105263157894736
1055,10.1
5170,10.1
5819,10.1
997,10.1
2682,10.094594594594595
2825,10.09375
3083,10.090909090909092
1954,10.090909090909092
5343,10.088888888888889
346,10.088235294117647
4557,10.087301587301587
1097,10.087053571428571
3622,10.085714285714285
4328,10.083333333333334
2068,10.083333333333334
3995,10.083333333333334
1556,10.083333333333334
3322,10.083333333333334
4285,10.083333333333334
4170,10.081632653061224
118,10.080882352941176
3833,10.076923076923077
3227,10.076923076923077
3556,10.075
557,10.074175824175825
3192,10.074074074074074
3518,10.074074074074074
3129,10.069444444444445
3085,10.068181818181818
4504,10.066666666666666
2885,10.066666666666666
4556,10.063492063492063
4039,10.06060606060606
1791,10.05952380952381
4561,10.056818181818182
355,10.055555555555555
2919,10.055555555555555
5628,10.055555555555555
313,10.055555555555555
3536,10.0546875
3543,10.053030303030303
3835,10.052631578947368
3836,10.052631578947368
3844,10.05
5674,10.05
547,10.044444444444444
3752,10.042857142857143
4179,10.042735042735043
4783,10.042735042735043
4145,10.041666666666666
27,10.04147465437788
4520,10.039772727272727
1770,10.039473684210526
5684,10.038461538461538
3630,10.038461538461538
5741,10.0375
4616,10.035714285714286
3123,10.035714285714286
3106,10.034285714285714
4240,10.033333333333333
5801,10.028571428571428
4273,10.028571428571428
176,10.027777777777779
1993,10.025
4357,10.01923076923077
2618,10.019047619047619
5442,10.016666666666667
1617,10.013071895424837
4386,10.01142857142857
1862,10.011111111111111
759,10.010416666666666
4434,10.005813953488373
4091,10.004504504504505
4479,10.004115226337449
2474,10.003086419753087
3081,10.002487562189055
3486,10.0
3698,10.0
3474,10.0
3541,10.0
3326,10.0
3146,10.0
5221,10.0
2691,10.0
3517,10.0
2917,10.0
3131,10.0
3537,10.0
5204,10.0
789,10.0
4335,10.0
5218,10.0
3925,10.0
2323,10.0
5293,10.0
5564,10.0
3408,10.0
608,10.0
3859,10.0
5833,10.0
19,10.0
5850,10.0
5830,10.0
4968,10.0
4282,10.0
5424,10.0
3718,10.0
1955,10.0
1339,10.0
2490,10.0
4661,10.0
5723,10.0
4002,10.0
4093,10.0
3398,10.0
5189,10.0
3883,10.0
4502,9.996527777777779
4277,9.995934959349594
2799,9.995
2019,9.994791666666666
4519,9.993939393939394
3851,9.99375
2504,9.985119047619047
3126,9.98404255319149
3307,9.983695652173912
5426,9.978571428571428
2197,9.97719298245614
2767,9.975308641975309
4549,9.975
1792,9.974358974358974
1319,9.972727272727273
4266,9.972222222222221
410,9.972222222222221
3049,9.970930232558139
794,9.970588235294118
2707,9.97
2176,9.967105263157896
3738,9.967032967032967
1678,9.966666666666667
128,9.965909090909092
3354,9.96551724137931
1957,9.964285714285714
2627,9.961538461538462
4720,9.961538461538462
3471,9.961538461538462
692,9.96078431372549
4987,9.95959595959596
943,9.958333333333334
2401,9.958333333333334
3130,9.958333333333334
3825,9.95625
1033,9.952941176470588
3001,9.952380952380953
2221,9.951724137931034
1746,9.95
5159,9.95
2807,9.95
5248,9.95
5653,9.95
4636,9.946666666666667
2937,9.945454545454545
3221,9.945454545454545
5329,9.944444444444445
4562,9.944444444444445
1724,9.944
4073,9.943939393939393
1934,9.943859649122807
2674,9.943452380952381
4396,9.942307692307692
5951,9.940740740740742
1663,9.94
2571,9.939516129032258
2158,9.93939393939394
3689,9.93939393939394
5660,9.937777777777777
3840,9.9375
3319,9.9375
3492,9.9375
4524,9.933333333333334
3283,9.933333333333334
2508,9.933333333333334
1824,9.931972789115646
4406,9.931623931623932
1974,9.93006993006993
3029,9.928571428571429
381,9.928571428571429
2497,9.928571428571429
3708,9.928571428571429
1586,9.927272727272728
2861,9.925925925925926
5352,9.925
4461,9.924242424242424
4272,9.923809523809524
3725,9.92375366568915
2435,9.921875
2001,9.92
879,9.919354838709678
3402,9.91875
2037,9.918367346938776
2745,9.916666666666666
3432,9.916666666666666
1899,9.916666666666666
5599,9.916666666666666
3165,9.916666666666666
4132,9.916666666666666
2135,9.916666666666666
2281,9.916666666666666
2806,9.915
3206,9.91304347826087
4604,9.911764705882353
2046,9.911111111111111
1837,9.91025641025641
4241,9.909090909090908
4242,9.909090909090908
2318,9.909090909090908
4596,9.908823529411764
1765,9.908163265306122
2632,9.90625
2147,9.904411764705882
3606,9.903846153846153
3736,9.903726708074535
2679,9.903225806451612
3225,9.9009009009009
1021,9.9
3583,9.9
4022,9.9
5669,9.9
2871,9.9
1779,9.9
2761,9.9
3789,9.897727272727273
5291,9.896825396825397
2329,9.896666666666667
3807,9.89655172413793
178,9.895833333333334
4836,9.894736842105264
4517,9.893557422969188
3804,9.89090909090909
2534,9.88961038961039
4819,9.88888888888889
5464,9.88888888888889
3210,9.88888888888889
3379,9.88888888888889
2264,9.888111888111888
2169,9.886666666666667
384,9.886363636363637
462,9.886111111111111
3832,9.885416666666666
969,9.885394828791055
3258,9.884615384615385
3426,9.884615384615385
2826,9.883333333333333
5949,9.883333333333333
517,9.883333333333333
4919,9.882352941176471
2956,9.880877742946709
2532,9.88
2895,9.87719298245614
5532,9.876923076923077
4281,9.875
2648,9.875
2731,9.875
2943,9.875
1584,9.875
4594,9.875
5930,9.875
2805,9.875
1836,9.872727272727273
3715,9.872727272727273
3656,9.871428571428572
4567,9.871323529411764
5744,9.87037037037037
2615,9.87037037037037
5005,9.86875
2665,9.868686868686869
635,9.868421052631579
3530,9.867045454545455
3970,9.866666666666667
4792,9.866666666666667
3381,9.866666666666667
1913,9.866666666666667
3514,9.866666666666667
2974,9.866666666666667
4387,9.864197530864198
3756,9.8625
2222,9.861538461538462
3022,9.86111111111111
2359,9.857777777777779
4230,9.857142857142858
859,9.857142857142858
5732,9.857142857142858
5648,9.857142857142858
5230,9.857142857142858
5150,9.856486796785305
1855,9.856060606060606
4974,9.853846153846154
2006,9.852852852852854
4523,9.852173913043478
4338,9.851851851851851
2341,9.850574712643677
4361,9.85
3959,9.85
199,9.85
4632,9.85
366,9.846153846153847
1340,9.846153846153847
653,9.845588235294118
5706,9.845577211394303
5015,9.845098039215687
2717,9.84375
2029,9.839527027027026
2036,9.838888888888889
841,9.838636363636363
2458,9.83405172413793
5348,9.833333333333334
2050,9.833333333333334
5768,9.833333333333334
1945,9.833333333333334
5713,9.833333333333334
3417,9.833333333333334
4187,9.833333333333334
4675,9.833333333333334
4745,9.833333333333334
3378,9.833333333333334
4503,9.833333333333334
5268,9.83157894736842
4559,9.828877005347593
3324,9.828787878787878
4566,9.827205882352942
3546,9.825819672131148
2797,9.825
3599,9.824074074074074
4428,9.823529411764707
5575,9.821428571428571
3267,9.821428571428571
4216,9.821428571428571
912,9.821203953279426
2760,9.820512820512821
2641,9.820512820512821
3760,9.820408163265306
1750,9.818452380952381
2118,9.818181818181818
2978,9.818181818181818
2214,9.818181818181818
438,9.818181818181818
2801,9.817307692307692
5619,9.81578947368421
3162,9.8125
1626,9.8125
2431,9.8125
3242,9.809750297265161
967,9.80952380952381
1035,9.809294871794872
2465,9.809090909090909
2412,9.809090909090909
1775,9.808823529411764
4825,9.807692307692308
4972,9.807692307692308
175,9.805555555555555
2337,9.805555555555555
4586,9.804545454545455
2881,9.803977272727273
677,9.803571428571429
4063,9.801724137931034
4493,9.8
5807,9.8
4492,9.8
2924,9.8
4970,9.8
4879,9.8
3028,9.8
323,9.8
5068,9.8
5600,9.8
2172,9.8
1096,9.799227799227799
2698,9.79861111111111
5788,9.796992481203008
3280,9.796610169491526
5803,9.795608108108109
2352,9.795
4340,9.794117647058824
3440,9.794117647058824
4078,9.792717086834735
2450,9.792546583850932
3986,9.791666666666666
3526,9.791666666666666
3082,9.791666666666666
4182,9.791666666666666
3766,9.790697674418604
4488,9.790476190476191
3061,9.78888888888889
2595,9.788819875776397
4812,9.788461538461538
3287,9.787878787878787
2042,9.785714285714286
2498,9.785714285714286
2810,9.785714285714286
2963,9.785469107551487
4621,9.784210526315789
617,9.783783783783784
2619,9.783333333333333
3871,9.78125
5279,9.78125
4817,9.778571428571428
2762,9.777777777777779
5770,9.777777777777779
4540,9.777777777777779
2802,9.776315789473685
3535,9.775
4575,9.775
5195,9.775
3093,9.772727272727273
3636,9.771929824561404
5106,9.771915584415584
4569,9.77
3987,9.76923076923077
4399,9.76923076923077
8,9.76914539400666
5798,9.768292682926829
3334,9.767857142857142
2516,9.766666666666667
3110,9.766666666666667
3145,9.766666666666667
4297,9.766666666666667
3120,9.76625
5772,9.764705882352942
474,9.763655462184873
1843,9.7625
3547,9.761904761904763
3575,9.761904761904763
534,9.76086956521739
4407,9.760683760683762
3457,9.759803921568627
2241,9.75952380952381
1933,9.758064516129032
3565,9.758064516129032
4587,9.756684491978609
2218,9.756156156156155
2051,9.755555555555556
161,9.754098360655737
23,9.752083333333333
2459,9.751515151515152
3159,9.751351351351351
5583,9.75
946,9.75
4085,9.75
1597,9.75
5194,9.75
2381,9.75
3127,9.75
660,9.75
2854,9.75
282,9.75
3321,9.75
4615,9.75
2758,9.75
2473,9.75
5574,9.75
3238,9.75
3494,9.747747747747749
1068,9.746875
5568,9.745238095238095
2023,9.744565217391305
1299,9.743961352657005
2007,9.742222222222223
3473,9.7421875
929,9.74090909090909
1898,9.74090909090909
3681,9.74074074074074
3478,9.74074074074074
2436,9.74
2512,9.739316239316238
3393,9.73913043478261
3787,9.738095238095237
3519,9.736842105263158
3236,9.736842105263158
2494,9.736702127659575
1932,9.736263736263735
377,9.735802469135802
2255,9.735294117647058
5767,9.735294117647058
2198,9.735
4534,9.733333333333333
3797,9.733333333333333
4810,9.733333333333333
4572,9.732142857142858
2237,9.731400966183575
4058,9.73076923076923
1716,9.73076923076923
761,9.729885057471265
5347,9.729166666666666
896,9.728260869565217
3814,9.727777777777778
4617,9.7275
3300,9.727272727272727
5176,9.727272727272727
3499,9.727272727272727
2261,9.727272727272727
5160,9.726190476190476
2545,9.72549019607843
5655,9.725225225225225
2620,9.725
2303,9.724609375
2640,9.724
4828,9.723320158102768
3000,9.722222222222221
3439,9.722222222222221
395,9.722222222222221
5529,9.722222222222221
3769,9.720588235294118
2011,9.72
142,9.72
3555,9.719806763285025
2093,9.71938775510204
4514,9.719362745098039
5133,9.717623873873874
5577,9.717391304347826
3509,9.716666666666667
743,9.715686274509803
508,9.714285714285714
2379,9.714285714285714
3476,9.712987012987012
2298,9.711538461538462
3799,9.71111111111111
783,9.71111111111111
1332,9.710526315789474
3465,9.71025641025641
3603,9.709677419354838
3876,9.709150326797385
4100,9.709090909090909
3390,9.708333333333334
2786,9.706666666666667
432,9.706666666666667
4205,9.706521739130435
4619,9.706140350877194
5149,9.706084959816303
4427,9.705882352941176
5425,9.705882352941176
4457,9.705555555555556
4959,9.705128205128204
3444,9.704761904761904
2354,9.704166666666667
4096,9.704081632653061
688,9.703846153846154
1766,9.703296703296703
3157,9.703174603174602
4626,9.700546448087431
224,9.7
809,9.7
2360,9.7
5805,9.7
3014,9.7
4806,9.7
3597,9.7
3719,9.7
5656,9.69912609238452
1583,9.697916666666666
1783,9.697916666666666
4627,9.69784946236559
3483,9.697612732095491
1887,9.696969696969697
3857,9.696969696969697
3152,9.695238095238095
3950,9.694444444444445
5524,9.694444444444445
2844,9.694444444444445
793,9.693478260869565
3724,9.69208211143695
218,9.691080196399346
594,9.690625
4946,9.69
1544,9.689729729729729
3822,9.68939393939394
2278,9.6875
3783,9.6875
2629,9.6875
4236,9.6875
2622,9.685971685971685
5370,9.68421052631579
4412,9.683937823834198
2793,9.683641975308642
3116,9.682539682539682
553,9.681818181818182
3503,9.681818181818182
2168,9.681818181818182
4733,9.681818181818182
43,9.678571428571429
5102,9.678571428571429
642,9.67702552719201
4223,9.675324675324676
3115,9.674603174603174
2876,9.674242424242424
5622,9.673076923076923
74,9.672727272727272
3949,9.672222222222222
4835,9.672064777327936
523,9.671928620452986
4298,9.67142857142857
4658,9.671296296296296
958,9.67032967032967
1107,9.6703125
4476,9.669270833333334
4367,9.669172932330827
2393,9.668965517241379
2796,9.668650793650794
4153,9.66812865497076
3467,9.666666666666666
4513,9.666666666666666
4678,9.666666666666666
1576,9.666666666666666
1660,9.666666666666666
4248,9.666666666666666
3072,9.666666666666666
4247,9.666666666666666
3277,9.666666666666666
2452,9.666666666666666
3985,9.666666666666666
5516,9.666666666666666
3097,9.666666666666666
2044,9.666666666666666
5827,9.666666666666666
3053,9.666666666666666
3223,9.666666666666666
2271,9.666666666666666
1891,9.666666666666666
3441,9.666666666666666
1462,9.666666666666666
2912,9.666666666666666
2980,9.666666666666666
2990,9.666666666666666
2988,9.666666666666666
2677,9.666666666666666
4536,9.666666666666666
2031,9.666666666666666
658,9.664293659621801
4498,9.662745098039215
791,9.66256157635468
205,9.662081339712918
5264,9.661538461538461
4137,9.6609375
1012,9.660739687055477
339,9.660714285714286
2248,9.659574468085106
2983,9.657894736842104
2706,9.656818181818181
3271,9.65625
3414,9.65625
1749,9.65625
2041,9.65625
2788,9.656211180124224
3731,9.654320987654321
4988,9.653846153846153
4900,9.653782894736842
2639,9.653333333333334
5034,9.651660839160838
5187,9.651424287856072
127,9.65079365079365
5488,9.65079365079365
4136,9.650145772594753
1318,9.65
3940,9.65
3114,9.65
821,9.65
2441,9.649853801169591
4000,9.6494076349276
3460,9.649392712550608
2902,9.649275362318841
4692,9.648809523809524
651,9.6484375
481,9.648214285714285
3125,9.64795918367347
3009,9.647368421052631
1386,9.647058823529411
684,9.646634615384615
3286,9.646341463414634
2578,9.646153846153846
3865,9.646090534979423
3340,9.645833333333334
3545,9.645833333333334
5717,9.645833333333334
3475,9.645833333333334
2229,9.645368782161235
5952,9.644444444444444
394,9.643990929705215
4150,9.643518518518519
3241,9.643281807372176
4304,9.643076923076922
2390,9.642857142857142
2016,9.642857142857142
104,9.641904761904762
3980,9.641666666666667
2505,9.641399416909621
4368,9.64102564102564
3095,9.64069264069264
4468,9.640625
5553,9.640625
4103,9.640625
596,9.64
5247,9.64
4232,9.63888888888889
614,9.638461538461538
1666,9.6375
3559,9.6375
1450,9.637333333333334
3304,9.636363636363637
2851,9.636363636363637
2032,9.636363636363637
2819,9.63586956521739
3645,9.635648148148148
2616,9.634920634920634
3778,9.634567901234568
304,9.634522661523626
3055,9.6343808630394
4605,9.63425925925926
3066,9.634146341463415
2572,9.633064516129032
4360,9.631578947368421
1630,9.631410256410257
1853,9.63139534883721
561,9.630797773654917
3790,9.630681818181818
4521,9.630434782608695
2289,9.63003663003663
4107,9.63
4105,9.629709254709255
4144,9.62962962962963
2667,9.62962962962963
3504,9.628571428571428
2625,9.628333333333334
2817,9.627835051546391
286,9.627105052125101
4551,9.626760563380282
1991,9.625974025974026
3037,9.625936010891763
5281,9.625
1797,9.625
5834,9.625
4687,9.625
3329,9.625
4842,9.625
3372,9.625
5328,9.625
4769,9.625
4999,9.625
456,9.625
3024,9.625
3737,9.623188405797102
4662,9.622222222222222
2701,9.621848739495798
5111,9.621428571428572
700,9.621428571428572
3310,9.621428571428572
3911,9.620889748549324
202,9.620689655172415
1467,9.62
3311,9.619047619047619
4486,9.619047619047619
3056,9.618210443453162
4913,9.618197278911564
3983,9.618010885700148
2526,9.617647058823529
37,9.617235772357724
3506,9.617073170731707
5179,9.616261626162617
4288,9.615384615384615
2585,9.615384615384615
284,9.61530172413793
3924,9.614973262032086
968,9.614492753623189
3030,9.613636363636363
2666,9.613333333333333
4529,9.613168724279836
2296,9.612857142857143
2656,9.612852664576803
2708,9.6125
4081,9.6125
2396,9.611822660098522
2394,9.611689814814815
3200,9.61111111111111
522,9.61111111111111
2154,9.61111111111111
327,9.610695187165776
5665,9.610668301655426
3999,9.610648148148147
3813,9.60919540229885
413,9.608695652173912
5238,9.608571428571429
5376,9.608333333333333
4123,9.607142857142858
4192,9.607142857142858
165,9.606481481481481
4416,9.606442577030812
1491,9.606060606060606
2444,9.605990783410139
117,9.605882352941176
188,9.605429864253393
2387,9.604973696795792
543,9.604644694757335
900,9.60344827586207
271,9.603240740740741
2395,9.603197442046364
2358,9.602006688963211
5815,9.6
2787,9.6
2300,9.6
5492,9.6
772,9.6
5292,9.6
4494,9.598765432098766
636,9.598611914401388
3784,9.59855072463768
5136,9.597972972972974
1010,9.597089947089946
1009,9.596182396606574
4053,9.596078431372549
3632,9.595679012345679
5457,9.595238095238095
4638,9.595238095238095
3138,9.594907407407407
4356,9.594749794913865
309,9.594736842105263
2515,9.594117647058823
2054,9.593939393939394
95,9.593785960874568
422,9.59373040752351
239,9.593109105824446
211,9.593073593073592
4543,9.592592592592593
300,9.592307692307692
254,9.592261904761905
1782,9.591575091575091
3898,9.591489361702127
603,9.590909090909092
2191,9.590909090909092
3207,9.590909090909092
2503,9.590909090909092
5177,9.590909090909092
2170,9.59084249084249
999,9.590467784642541
4899,9.590183093104791
3515,9.58939393939394
5185,9.589285714285714
3730,9.588888888888889
862,9.588235294117647
4094,9.588235294117647
3415,9.588235294117647
4857,9.588235294117647
167,9.588145896656535
3343,9.588068181818182
87,9.587619047619048
2128,9.58695652173913
212,9.585497835497835
88,9.585246598639456
5139,9.58445945945946
4639,9.584415584415584
162,9.583606557377049
3284,9.583333333333334
3812,9.583333333333334
3069,9.583333333333334
414,9.583333333333334
415,9.583333333333334
3462,9.583333333333334
2934,9.583333333333334
4239,9.583333333333334
2566,9.583333333333334
5029,9.583333333333334
4843,9.583333333333334
4648,9.582417582417582
2138,9.581904761904761
5637,9.58030303030303
246,9.580246913580247
427,9.579545454545455
4129,9.579520697167755
5173,9.579434697855751
690,9.579180509413067
3303,9.57912457912458
2151,9.578947368421053
2098,9.578947368421053
115,9.578902229845626
140,9.578841106400162
196,9.57873820168902
2887,9.578544061302683
5186,9.578030303030303
2962,9.577922077922079
542,9.577821869488536
3602,9.577777777777778
5745,9.577777777777778
1044,9.577456298975287
2546,9.576923076923077
3988,9.576923076923077
2687,9.576470588235294
5587,9.576470588235294
1620,9.576332429990966
4195,9.576086956521738
2159,9.575757575757576
3744,9.575617283950617
4161,9.575581395348838
904,9.575396825396826
2438,9.575
509,9.574623655913978
661,9.57442793111583
737,9.571428571428571
2596,9.571428571428571
3382,9.571428571428571
1965,9.571428571428571
4010,9.571428571428571
1455,9.571428571428571
5705,9.571120689655173
3992,9.570833333333333
5679,9.569915254237289
2748,9.56981981981982
1866,9.569805194805195
29,9.569538288288289
2769,9.568869936034115
1939,9.568209876543209
2445,9.568056648308419
2852,9.567901234567902
3270,9.567857142857143
2403,9.567796610169491
4088,9.566666666666666
3890,9.566666666666666
2834,9.566666666666666
3913,9.566666666666666
3619,9.566666666666666
2000,9.566666666666666
650,9.566666666666666
1029,9.565406976744185
4602,9.564814814814815
3801,9.562678062678062
762,9.5625
5075,9.5625
2671,9.5625
3423,9.5625
4341,9.562139917695474
4124,9.561538461538461
2517,9.561213991769547
5704,9.560897435897436
4547,9.56076388888889
2714,9.560705496308449
1326,9.56060606060606
3612,9.56037669424397
76,9.560121765601219
3914,9.56
1820,9.559748427672956
600,9.559681697612731
3838,9.558823529411764
512,9.558333333333334
3281,9.557692307692308
2926,9.557125051931866
251,9.556521739130435
2527,9.55625
5825,9.555555555555555
2617,9.555555555555555
2510,9.555555555555555
4535,9.555555555555555
5497,9.555555555555555
4300,9.555555555555555
1976,9.555555555555555
3910,9.555344718532574
648,9.555023923444976
983,9.554301075268818
2161,9.554248366013072
3505,9.553861788617887
3136,9.553692905733723
673,9.553571428571429
1901,9.55328798185941
2704,9.55324074074074
3179,9.553191489361701
4385,9.552631578947368
2404,9.551440329218106
3434,9.55
2506,9.549918166939444
2658,9.549603174603174
7,9.548856548856548
356,9.547820823244551
2163,9.547712418300653
446,9.547358834244081
2809,9.546548956661317
618,9.546230440967284
97,9.546153846153846
3266,9.546052631578947
2920,9.545977011494253
2533,9.545454545454545
4580,9.545454545454545
4581,9.545454545454545
4739,9.545454545454545
3699,9.545289855072463
357,9.544871794871796
4666,9.544444444444444
3458,9.544375
5036,9.544303797468354
2755,9.544270833333334
2064,9.543666666666667
3383,9.54320987654321
2439,9.542857142857143
4469,9.541666666666666
24,9.541666666666666
116,9.541323529411764
2986,9.541114790286976
206,9.540485829959515
3149,9.540408163265306
2280,9.54
2798,9.54
3972,9.539848197343453
2535,9.539434523809524
5174,9.538690476190476
5760,9.538461538461538
3591,9.538181818181819
2024,9.538155802861684
2635,9.537919602154993
3532,9.5375
3802,9.537362637362637
5919,9.53698224852071
2877,9.53641304347826
2705,9.536363636363637
3961,9.535790598290598
1996,9.535771382893685
5947,9.535714285714286
5576,9.535714285714286
2356,9.535714285714286
2446,9.535493827160494
1885,9.535353535353535
201,9.53525641025641
1852,9.535
2139,9.534722222222221
1728,9.53448275862069
2351,9.534313725490197
5664,9.53416149068323
555,9.533596837944664
2012,9.532051282051283
540,9.531963470319635
1738,9.530864197530864
1543,9.53056027164686
2976,9.530048076923077
3516,9.529840848806366
2509,9.529281277728483
4365,9.528846153846153
2668,9.527884615384615
4398,9.527777777777779
4253,9.527777777777779
4577,9.526984126984127
753,9.526785714285714
616,9.526315789473685
2018,9.526041666666666
5638,9.525757575757575
4052,9.525490196078431
38,9.525435540069687
872,9.525157232704403
5609,9.525
3803,9.525
3293,9.525
3464,9.525
46,9.524469339622641
2680,9.524324324324324
5299,9.523809523809524
5550,9.523809523809524
3720,9.523809523809524
4643,9.523809523809524
750,9.523709483793517
419,9.523636363636363
963,9.523456790123456
2344,9.523252325232523
2343,9.523129640205596
961,9.522735042735043
1997,9.522300469483568
2022,9.521739130434783
4276,9.52127659574468
5707,9.520992366412214
3791,9.520935960591133
2696,9.520251778872469
3932,9.520089285714286
4371,9.52
1861,9.519782608695651
4120,9.518518518518519
991,9.517893870835048
3726,9.517613636363636
4071,9.517408906882592
630,9.51717032967033
2039,9.515151515151516
867,9.514942528735633
5172,9.514718614718614
2867,9.514285714285714
3909,9.514285714285714
2830,9.514204545454545
385,9.513805522208884
4568,9.513333333333334
2695,9.512755102040817
1041,9.512691771269177
4366,9.512422360248447
4113,9.512195121951219
3244,9.512112403100776
4642,9.511904761904763
610,9.511363636363637
609,9.511192511192512
4497,9.510204081632653
4574,9.51
2440,9.509695290858726
780,9.509049773755656
588,9.509030100334448
3577,9.508954824913125
3897,9.508695652173913
2570,9.50855614973262
1720,9.508333333333333
2824,9.508
303,9.507936507936508
3485,9.507692307692308
3587,9.507246376811594
3065,9.50719822812846
5668,9.507142857142858
3026,9.506618863761721
5143,9.50661599099099
4152,9.506535947712418
187,9.506530825496343
1604,9.506060606060606
2186,9.505952380952381
4106,9.505714285714285
965,9.505612244897959
4413,9.5053581500282
891,9.504504504504505
4079,9.504504504504505
5530,9.504480286738351
4472,9.504166666666666
1940,9.503677646306365
3488,9.503474903474903
4415,9.502840909090908
5132,9.50197072072072
5663,9.501792114695341
627,9.501185770750988
2025,9.500754147812971
2249,9.50068870523416
5715,9.5
4601,9.5
3489,9.5
909,9.5
2299,9.5
5729,9.5
3853,9.5
3078,9.5
2236,9.5
84,9.5
4622,9.5
2067,9.5
4654,9.5
4613,9.5
4057,9.5
4866,9.5
3295,9.5
371,9.5
1561,9.5
2245,9.5
3368,9.5
1505,9.5
5266,9.5
4550,9.499585749792875
3862,9.498432601880877
3921,9.498316498316498
63,9.498076923076923
3576,9.497874468617153
2357,9.497545008183305
3674,9.49645390070922
875,9.496204933586338
387,9.495418098510882
2579,9.49515503875969
4649,9.494897959183673
1941,9.494736842105263
3135,9.494684620836287
2675,9.494318181818182
966,9.494274809160306
258,9.494047619047619
2442,9.49329268292683
3339,9.492822966507177
49,9.492424242424242
3119,9.4921875
3036,9.49217154526889
4509,9.49176807444524
959,9.49166232412715
3779,9.491358024691358
5140,9.49040404040404
4314,9.490384615384615
378,9.490322580645161
141,9.490147783251231
4104,9.489936440677965
4563,9.48989898989899
4319,9.489795918367347
3644,9.489772727272728
942,9.489669421487603
2573,9.489141329769462
4603,9.488888888888889
4718,9.488636363636363
3869,9.488461538461538
4554,9.488425925925926
4404,9.488095238095237
574,9.487804878048781
2866,9.487654320987655
2279,9.4875
4313,9.486979166666666
3962,9.486943620178042
2574,9.486805555555556
5661,9.486666666666666
350,9.486308316430021
2230,9.486277873070327
401,9.486019736842104
4558,9.485294117647058
4446,9.485119047619047
1756,9.484375
2457,9.484375
3063,9.484169884169884
2849,9.484126984126984
150,9.48409090909091
3855,9.483772819472616
59,9.48358348968105
3265,9.483516483516484
45,9.483451902257965
3154,9.483091787439614
4851,9.482993197278912
1313,9.482162162162162
2212,9.481481481481481
2312,9.481060606060606
1833,9.48076923076923
623,9.480654761904763
3561,9.48024948024948
3328,9.48
360,9.47875816993464
613,9.478571428571428
2304,9.478515625
2792,9.478395061728396
4108,9.476190476190476
3745,9.475155279503106
4990,9.475
2493,9.475
486,9.474912891986063
573,9.474738675958188
1569,9.474017094017094
4645,9.473958333333334
276,9.473905723905723
459,9.473837209302326
2500,9.473684210526315
2905,9.473333333333333
5119,9.473170731707317
2485,9.473118279569892
4576,9.473015873015873
864,9.472727272727273
1942,9.4725
3557,9.472340425531915
5060,9.472222222222221
938,9.472222222222221
3721,9.470238095238095
571,9.470204436711613
4665,9.469565217391304
2590,9.46875
402,9.468487394957982
2075,9.467948717948717
3984,9.466509062253744
5142,9.466497747747749
5623,9.466346153846153
3461,9.465854558877815
3395,9.46551724137931
2886,9.46551724137931
1127,9.465277777777779
5158,9.465277777777779
3922,9.464962121212121
2518,9.464444444444444
2891,9.464285714285714
1457,9.464285714285714
4897,9.464285714285714
4342,9.464254952627046
4803,9.463333333333333
195,9.46311475409836
3420,9.462962962962964
4097,9.4625
1002,9.462433862433862
3906,9.46195652173913
5033,9.461672473867596
4826,9.461538461538462
3274,9.461538461538462
1731,9.461538461538462
4644,9.46111111111111
1008,9.46082621082621
231,9.460815047021944
2443,9.46025824964132
4653,9.460227272727273
4909,9.46
217,9.459905660377359
60,9.45968143354903
2511,9.459349593495935
2857,9.458963031853058
5413,9.458823529411765
5475,9.458333333333334
3104,9.458333333333334
3588,9.458333333333334
4172,9.457877201332698
3342,9.457535885167465
3007,9.456989247311828
3394,9.456896551724139
2362,9.45673076923077
2496,9.456565656565656
3325,9.456296296296296
1015,9.456088992974239
5709,9.455048076923077
546,9.454819277108435
3501,9.454545454545455
3290,9.454545454545455
3907,9.454545454545455
5203,9.454545454545455
4128,9.45409429280397
3472,9.453846153846154
756,9.453703703703704
606,9.453703703703704
2925,9.45366079703429
3923,9.452525252525252
2129,9.452380952380953
149,9.452363636363636
620,9.45138888888889
4092,9.450757575757576
3773,9.45045045045045
3105,9.45
5640,9.45
2764,9.45
5351,9.45
2987,9.449988581868006
3243,9.449320794148381
1030,9.449197860962567
2288,9.449074074074074
2951,9.448849104859335
3703,9.44818119423473
2110,9.448051948051948
1827,9.447916666666666
352,9.447368421052632
3963,9.446666666666667
3613,9.446402747650037
3198,9.446336429308566
3331,9.445652173913043
4173,9.444536082474226
4823,9.444444444444445
1829,9.444444444444445
2062,9.444444444444445
3893,9.444444444444445
3438,9.444444444444445
2812,9.444444444444445
4774,9.444444444444445
4744,9.444444444444445
3734,9.444444444444445
3493,9.44375
2146,9.44375
3435,9.442857142857143
558,9.442486085343228
96,9.442246835443038
634,9.442021276595744
3885,9.441326530612244
962,9.441176470588236
3062,9.441111829347124
449,9.440941572089113
2856,9.44051282051282
4351,9.44047619047619
5652,9.44047619047619
1447,9.44047619047619
4777,9.44
2929,9.439613526570048
1003,9.439165409753645
177,9.4375
1947,9.4375
1962,9.4375
3539,9.4375
4887,9.4375
4070,9.437307692307693
4354,9.437278106508876
30,9.437106918238994
639,9.43673469387755
2223,9.43640474844545
2789,9.435982008995502
5932,9.434782608695652
2733,9.434684684684685
4355,9.433962264150944
1874,9.433430515063169
5740,9.433333333333334
2977,9.432882414151925
3820,9.432748538011696
598,9.432610673135233
277,9.432098765432098
2335,9.432098765432098
3199,9.431917211328976
640,9.431111111111111
3732,9.430555555555555
3595,9.43048128342246
5672,9.43010752688172
2171,9.430081300813008
4907,9.43
2297,9.428571428571429
3828,9.428571428571429
3918,9.428571428571429
1798,9.428571428571429
3262,9.428571428571429
70,9.428571428571429
3827,9.428571428571429
707,9.428571428571429
5190,9.428571428571429
2591,9.428571428571429
584,9.42742474916388
3768,9.42741935483871
3754,9.427272727272728
3487,9.425253378378379
3879,9.425236406619385
181,9.42512077294686
2577,9.425101214574898
1781,9.42496229260935
4080,9.424107142857142
3800,9.424
3968,9.423076923076923
2847,9.422297297297296
2628,9.421875
4393,9.421875
468,9.421870503597122
2569,9.421634062140392
3064,9.42116402116402
3348,9.421052631578947
3823,9.421052631578947
168,9.420731707317072
888,9.420454545454545
3688,9.420212765957446
2634,9.42016632016632
3466,9.42
1784,9.419642857142858
2831,9.418406072106261
171,9.417989417989418
844,9.417857142857143
4914,9.41734693877551
460,9.41671904462602
3256,9.416666666666666
4981,9.416666666666666
3758,9.416666666666666
4293,9.416666666666666
3021,9.416666666666666
2433,9.416666666666666
3268,9.416666666666666
3873,9.416666666666666
3147,9.416666666666666
3704,9.415238095238095
361,9.415032679738562
3748,9.414285714285715
953,9.414102564102564
153,9.413663259817106
3094,9.413287316652287
957,9.41304347826087
1946,9.411764705882353
2052,9.411764705882353
2345,9.410714285714286
2840,9.40952380952381
4848,9.409313725490197
686,9.40920716112532
123,9.409090909090908
3477,9.408622908622908
108,9.408536585365853
296,9.407954545454546
1000,9.407407407407407
1980,9.407272727272728
3042,9.40650406504065
3866,9.406084656084657
5797,9.406025824964132
3144,9.405882352941177
3222,9.405555555555555
2388,9.405380333951763
3792,9.405219780219781
69,9.404761904761905
2322,9.404761904761905
4283,9.404761904761905
2818,9.404411764705882
3861,9.403940886699507
4312,9.403846153846153
2582,9.403508771929825
4466,9.402857142857142
2217,9.402482269503546
4160,9.402439024390244
3733,9.401143790849673
528,9.400135869565217
3755,9.4
3994,9.4
4455,9.4
3405,9.4
2305,9.4
3714,9.4
4024,9.4
3482,9.4
2883,9.4
2860,9.4
987,9.399553571428571
2808,9.399162011173184
2655,9.398860398860398
2468,9.397674418604652
2536,9.397058823529411
3306,9.397058823529411
139,9.396266666666667
4849,9.39527027027027
3633,9.395061728395062
351,9.395061728395062
5614,9.394736842105264
3891,9.394736842105264
504,9.394736842105264
2936,9.393939393939394
1558,9.39342105263158
3880,9.393390674513354
570,9.393343756980121
1027,9.393168604651162
3811,9.392857142857142
4855,9.392857142857142
10,9.392094861660079
5601,9.39153439153439
4516,9.39153439153439
2768,9.391044776119402
2794,9.39090909090909
3150,9.390336134453781
5572,9.38888888888889
1956,9.38888888888889
5616,9.38888888888889
2254,9.38888888888889
2968,9.38888888888889
2204,9.388278388278389
2407,9.388157894736842
3338,9.38755980861244
4991,9.3875
467,9.386524822695035
2049,9.386002886002887
3292,9.385714285714286
9,9.385375494071146
3059,9.384615384615385
4989,9.384615384615385
1787,9.384615384615385
2048,9.384558823529412
1834,9.38409090909091
2411,9.384
3594,9.383548541367766
2623,9.383526383526384
2451,9.382478632478632
5658,9.381642512077295
2157,9.38160733549083
5734,9.38125
5578,9.380952380952381
3156,9.380952380952381
2028,9.380116959064328
2464,9.38
2713,9.379807692307692
3785,9.379733520336606
3727,9.37937062937063
5724,9.37873357228196
2311,9.377622377622378
5725,9.377538829151732
83,9.37671568627451
5178,9.375
4255,9.375
1740,9.375
5627,9.375
4049,9.375
2111,9.375
1494,9.375
3046,9.375
3297,9.375
2203,9.375
5038,9.375
3875,9.375
4305,9.374358974358975
4702,9.373611111111112
240,9.373401534526854
4013,9.37284730195178
3137,9.372685185185185
2901,9.372413793103448
4287,9.37037037037037
619,9.370244263508512
2751,9.37
4475,9.369791666666666
2702,9.369747899159664
4827,9.369565217391305
3048,9.369318181818182
2880,9.369146005509641
3694,9.368181818181819
1695,9.367647058823529
633,9.36734693877551
241,9.366666666666667
4076,9.366666666666667
1344,9.366666666666667
4286,9.366666666666667
492,9.366298811544992
3181,9.365853658536585
787,9.36574074074074
5751,9.365079365079366
311,9.363636363636363
4652,9.363095238095237
1958,9.3625
154,9.361763171622327
4618,9.36111111111111
1709,9.36094674556213
3598,9.36036036036036
3892,9.35925925925926
2447,9.358585858585858
3942,9.358522727272728
166,9.358490566037736
5659,9.3584229390681
4405,9.358333333333333
4353,9.358187134502923
5916,9.357407407407408
1437,9.357142857142858
2043,9.357142857142858
5718,9.357142857142858
4822,9.357142857142858
5649,9.357142857142858
2550,9.357142857142858
2156,9.35665334094803
2145,9.35625
4431,9.35483870967742
1881,9.354359925788497
2848,9.354166666666666
2238,9.353260869565217
2361,9.352941176470589
2836,9.352941176470589
5588,9.352941176470589
5069,9.351851851851851
3453,9.35
200,9.35
3424,9.35
3993,9.35
447,9.35
5921,9.35
5134,9.3495085995086
1842,9.347826086956522
92,9.347637714049927
3208,9.3475935828877
2270,9.347222222222221
4284,9.347222222222221
4315,9.346560846560847
3170,9.346153846153847
3371,9.346153846153847
2624,9.34608695652174
2754,9.345
998,9.344915254237288
4820,9.344444444444445
1484,9.34375
1935,9.34375
4275,9.34375
4451,9.343434343434344
4327,9.343137254901961
4012,9.343045112781954
3757,9.342857142857143
485,9.34142857142857
4122,9.341346153846153
3723,9.340909090909092
4425,9.340625
5145,9.34051282051282
5023,9.340336134453782
4489,9.34
2853,9.339869281045752
2837,9.339285714285714
2994,9.338753387533876
4426,9.3375
1860,9.336407553798859
1938,9.333333333333334
2519,9.333333333333334
3658,9.333333333333334
2721,9.333333333333334
1093,9.333333333333334
1229,9.333333333333334
5286,9.333333333333334
5183,9.333333333333334
3531,9.333333333333334
4322,9.333333333333334
2688,9.333333333333334
5515,9.333333333333334
5486,9.333333333333334
2835,9.333333333333334
2597,9.333333333333334
3193,9.333333333333334
874,9.333333333333334
129,9.333333333333334
326,9.333333333333334
580,9.333333333333334
3068,9.333333333333334
3513,9.333333333333334
2224,9.332391181458451
3979,9.331521739130435
2729,9.331018518518519
1982,9.329545454545455
3728,9.329545454545455
5412,9.329411764705883
2252,9.328703703703704
3226,9.327635327635328
1937,9.32748538011696
2950,9.32708177044261
2873,9.326666666666666
4318,9.326530612244898
4274,9.323529411764707
280,9.32349537037037
2065,9.323
44,9.321428571428571
5946,9.321428571428571
4888,9.321428571428571
4960,9.321428571428571
1028,9.320855614973262
1050,9.320850202429149
1900,9.32046783625731
1324,9.320175438596491
2420,9.319767441860465
5146,9.319283456269758
2153,9.31875
3981,9.31868131868132
491,9.318621269440941
1550,9.318181818181818
744,9.318181818181818
2242,9.318181818181818
3151,9.318181818181818
2162,9.317460317460318
232,9.316002949852507
1408,9.314516129032258
3886,9.312820512820513
2332,9.3125
4259,9.3125
2730,9.3125
4499,9.311111111111112
3941,9.310975609756097
3067,9.310256410256411
3481,9.31
936,9.30952380952381
956,9.308035714285714
4292,9.307692307692308
3217,9.307692307692308
5048,9.307407407407407
1983,9.306818181818182
3620,9.306666666666667
1006,9.306410256410256
5184,9.306122448979592
2167,9.306060606060607
1440,9.305555555555555
2884,9.305555555555555
3525,9.305555555555555
2906,9.305263157894737
245,9.30494417862839
3109,9.303030303030303
3964,9.302469135802468
172,9.301697530864198
301,9.301587301587302
3027,9.30081081081081
3878,9.3
4384,9.3
4306,9.3
4375,9.3
4403,9.3
2669,9.3
2868,9.3
2923,9.3
2166,9.3
2215,9.3
4202,9.3
4612,9.3
2803,9.29861111111111
5339,9.298076923076923
1999,9.294117647058824
5735,9.29375
695,9.292929292929292
4037,9.292531876138433
4802,9.292490118577074
2250,9.292011019283747
103,9.291740938799762
4001,9.291666666666666
5465,9.291666666666666
2475,9.291666666666666
701,9.291666666666666
310,9.290625
4515,9.290441176470589
293,9.290336496980155
2580,9.289583333333333
533,9.289473684210526
80,9.28888888888889
2246,9.2875
1676,9.285714285714286
5785,9.285714285714286
336,9.285714285714286
3990,9.285714285714286
4875,9.285714285714286
3320,9.285714285714286
2207,9.285714285714286
2226,9.285714285714286
2946,9.28494623655914
2947,9.284722222222221
1048,9.284444444444444
4555,9.283950617283951
4508,9.283464566929133
3856,9.282214156079855
3611,9.28125
3819,9.280555555555555
4261,9.280303030303031
5666,9.280198565912851
4496,9.278061224489797
3449,9.277777777777779
3070,9.277777777777779
1389,9.277777777777779
1079,9.276515151515152
4471,9.27579365079365
2890,9.275641025641026
2092,9.274418604651164
4931,9.274193548387096
2399,9.273809523809524
2350,9.273255813953488
1835,9.272727272727273
3966,9.272727272727273
5064,9.272727272727273
1136,9.271428571428572
560,9.270833333333334
1990,9.270807453416149
4417,9.27039627039627
5114,9.26984126984127
4947,9.269444444444444
905,9.268518518518519
3877,9.268398268398268
2021,9.266666666666667
3416,9.266666666666667
3155,9.266304347826088
3905,9.26530612244898
5483,9.264705882352942
1884,9.264444444444445
5739,9.264285714285714
2376,9.263440860215054
2602,9.262820512820513
2601,9.262195121951219
2405,9.261904761904763
5920,9.261455525606468
3765,9.26086956521739
1959,9.25974025974026
3700,9.25904761904762
3459,9.258522727272727
5567,9.257142857142858
3971,9.255859375
1796,9.254545454545454
2581,9.25438596491228
5927,9.253968253968255
4062,9.253086419753087
4482,9.2525
2823,9.252127659574468
4958,9.25025641025641
2870,9.25
1684,9.25
2183,9.25
3867,9.25
3834,9.25
5245,9.25
4084,9.25
98,9.25
2472,9.25
5551,9.25
2954,9.25
4463,9.25
2325,9.25
2331,9.25
437,9.25
2563,9.25
1936,9.25
3887,9.25
2363,9.25
3015,9.25
4912,9.25
3558,9.25
2672,9.25
5942,9.25
2295,9.25
4086,9.25
5835,9.25
4630,9.25
236,9.25
2253,9.249255213505462
1981,9.248484848484848
4608,9.248484848484848
2486,9.247395833333334
839,9.246031746031745
4339,9.245833333333334
2160,9.24561403508772
3761,9.243421052631579
1675,9.242283950617283
2047,9.24074074074074
954,9.24
2470,9.24
3808,9.239583333333334
3916,9.238888888888889
3788,9.238095238095237
2728,9.237179487179487
5000,9.236842105263158
545,9.23611111111111
4151,9.23611111111111
1844,9.235849056603774
5790,9.235294117647058
2657,9.235294117647058
2143,9.234567901234568
3187,9.234375
5107,9.233388704318937
2219,9.233333333333333
3480,9.232600732600732
3749,9.23157894736842
3511,9.231040564373897
2148,9.229166666666666
3341,9.229166666666666
464,9.228571428571428
5110,9.228571428571428
5202,9.227272727272727
2896,9.227272727272727
4983,9.227272727272727
2353,9.227083333333333
2495,9.22638146167558
2979,9.226315789473684
2690,9.225
5151,9.224025974025974
505,9.223958333333334
2152,9.223958333333334
2174,9.223529411764705
4541,9.222222222222221
2742,9.222222222222221
2269,9.222222222222221
748,9.222222222222221
376,9.222222222222221
4834,9.222222222222221
4028,9.222222222222221
4868,9.222222222222221
4890,9.220238095238095
3931,9.22
5012,9.21875
3839,9.21875
803,9.217391304347826
4447,9.217171717171718
5237,9.214285714285714
2499,9.214285714285714
496,9.214285714285714
22,9.214285714285714
2184,9.214285714285714
3508,9.214285714285714
3623,9.214285714285714
811,9.214285714285714
4683,9.214285714285714
2869,9.210884353741497
2466,9.210526315789474
4220,9.209302325581396
2600,9.209183673469388
4522,9.208333333333334
2027,9.208333333333334
4593,9.207692307692307
4299,9.207142857142857
5058,9.205882352941176
2375,9.205555555555556
4480,9.205128205128204
3560,9.205128205128204
2408,9.205
2795,9.205
2117,9.204545454545455
1005,9.20453514739229
2522,9.204081632653061
398,9.203555555555555
5685,9.201923076923077
3076,9.201219512195122
4791,9.2
3938,9.2
5897,9.2
3691,9.2
4251,9.2
5857,9.2
4125,9.196969696969697
2732,9.1953125
5031,9.194805194805195
348,9.193877551020408
2155,9.19375
3294,9.192307692307692
2998,9.191489361702128
857,9.19047619047619
1388,9.18918918918919
1845,9.1875
4886,9.1875
2040,9.1875
5011,9.1875
3191,9.186666666666667
2349,9.186666666666667
3944,9.185185185185185
5193,9.185185185185185
17,9.184852374839538
3133,9.181818181818182
4986,9.181818181818182
5926,9.181818181818182
4462,9.181818181818182
4908,9.18
3043,9.179054054054054
2366,9.178571428571429
4317,9.178571428571429
2800,9.177884615384615
235,9.17741935483871
91,9.176616915422885
5804,9.175986842105264
611,9.175757575757576
918,9.175
4121,9.174603174603174
3638,9.173913043478262
3512,9.173913043478262
1768,9.173333333333334
4051,9.173076923076923
3578,9.17283950617284
4102,9.171875
4818,9.17142857142857
3991,9.170833333333333
4326,9.170588235294117
247,9.169642857142858
4148,9.169230769230769
157,9.166666666666666
774,9.166666666666666
5948,9.166666666666666
4584,9.166666666666666
3443,9.166666666666666
4116,9.166666666666666
4470,9.166666666666666
4402,9.166666666666666
3278,9.166666666666666
5809,9.166666666666666
2520,9.16468253968254
5152,9.164502164502165
3706,9.163742690058479
2724,9.16326530612245
2957,9.16
5205,9.16
5667,9.159468438538205
5002,9.158730158730158
158,9.157894736842104
2467,9.157894736842104
107,9.157894736842104
792,9.157142857142857
1867,9.155555555555555
2961,9.153846153846153
898,9.153846153846153
2275,9.153846153846153
5654,9.153846153846153
3044,9.153846153846153
3590,9.152892561983471
3163,9.152380952380952
2106,9.152173913043478
5931,9.152173913043478
3186,9.151988636363637
75,9.151738672286617
4268,9.15
1023,9.15
1702,9.15
944,9.14935064935065
4448,9.145894428152493
1888,9.145833333333334
5710,9.145833333333334
3589,9.145833333333334
3830,9.144736842105264
4180,9.144444444444444
1126,9.142857142857142
4154,9.142857142857142
207,9.142857142857142
3753,9.142857142857142
887,9.137037037037038
877,9.135416666666666
3484,9.134114583333334
2752,9.133333333333333
4941,9.133333333333333
130,9.129032258064516
1486,9.129032258064516
182,9.128260869565217
3153,9.127272727272727
5239,9.127272727272727
4439,9.125
5500,9.125
5004,9.125
4269,9.125
4746,9.125
3386,9.125
2982,9.125
525,9.125
3671,9.125
2684,9.125
42,9.125
4043,9.125
5325,9.125
5123,9.125
5025,9.125
3008,9.121951219512194
4487,9.121428571428572
2342,9.121212121212121
2247,9.119444444444444
1707,9.118518518518519
4141,9.116666666666667
2710,9.114583333333334
5791,9.11344537815126
4481,9.111979166666666
2972,9.11111111111111
2969,9.11111111111111
2081,9.11111111111111
4872,9.11111111111111
4027,9.11111111111111
3568,9.11111111111111
2743,9.11111111111111
1577,9.11111111111111
5554,9.109375
5244,9.10909090909091
2586,9.108262108262108
4418,9.107142857142858
4495,9.104938271604938
4165,9.104761904761904
2633,9.104166666666666
2377,9.104166666666666
3927,9.10344827586207
4254,9.103174603174603
4082,9.102941176470589
798,9.1
477,9.1
3960,9.1
3772,9.1
1088,9.1
1628,9.1
1769,9.1
624,9.099747474747474
2251,9.098765432098766
3330,9.097826086956522
1619,9.097435897435897
2321,9.097222222222221
4458,9.097222222222221
4072,9.096153846153847
4449,9.095238095238095
1727,9.09375
50,9.093406593406593
4005,9.090909090909092
2430,9.090909090909092
4796,9.090909090909092
1668,9.090909090909092
2845,9.087179487179487
4782,9.086720867208673
1819,9.086666666666666
4219,9.086363636363636
3445,9.085714285714285
3843,9.085365853658537
4126,9.083333333333334
3096,9.083333333333334
4731,9.083333333333334
4528,9.079629629629629
3585,9.078125
3915,9.07741935483871
5120,9.077142857142857
5350,9.076923076923077
2537,9.076923076923077
3087,9.076923076923077
3058,9.076923076923077
3086,9.076923076923077
1944,9.076923076923077
3264,9.076923076923077
291,9.075
4518,9.073863636363637
1801,9.073684210526316
1391,9.072916666666666
73,9.072727272727272
3346,9.071428571428571
412,9.071428571428571
2811,9.071428571428571
3685,9.071428571428571
4635,9.071428571428571
5799,9.070512820512821
4310,9.069444444444445
3359,9.069230769230769
3313,9.066666666666666
3233,9.066666666666666
666,9.066666666666666
990,9.066666666666666
4032,9.066666666666666
289,9.065217391304348
1755,9.064935064935066
1830,9.064814814814815
5022,9.063725490196079
2489,9.0625
955,9.0625
3031,9.0625
3282,9.0625
4500,9.06
4095,9.058823529411764
765,9.058823529411764
1611,9.058823529411764
3524,9.058333333333334
2523,9.055555555555555
2026,9.055555555555555
4573,9.055555555555555
4544,9.055555555555555
3447,9.055555555555555
4852,9.054421768707483
4394,9.054166666666667
405,9.053571428571429
2263,9.05072463768116
2097,9.05
3818,9.05
1735,9.05
3510,9.05
5016,9.048148148148147
5596,9.047619047619047
1986,9.047619047619047
2661,9.047619047619047
3826,9.047222222222222
531,9.046511627906977
2941,9.045977011494253
4452,9.045454545454545
3279,9.045454545454545
1718,9.04513888888889
5682,9.042708333333334
2778,9.041666666666666
2283,9.03968253968254
252,9.039130434782608
1922,9.0375
3080,9.036764705882353
2330,9.036666666666667
5597,9.035714285714286
2492,9.035714285714286
832,9.035714285714286
3035,9.033653846153847
2177,9.033333333333333
343,9.031578947368422
2175,9.03076923076923
1343,9.030303030303031
4208,9.030303030303031
5269,9.028947368421052
5730,9.028571428571428
4352,9.025641025641026
1811,9.025641025641026
4090,9.025252525252526
2621,9.025
5003,9.024242424242424
3858,9.02020202020202
2820,9.017045454545455
3872,9.015625
1828,9.015625
3767,9.01086956521739
1711,9.009936766034327
4800,9.009661835748792
4188,9.007936507936508
771,9.007407407407408
4898,9.0
2556,9.0
2501,9.0
3805,9.0
3573,9.0
926,9.0
3089,9.0
1572,9.0
3373,9.0
121,9.0
3194,9.0
2235,9.0
1024,9.0
5116,9.0
2008,9.0
4045,9.0
4142,9.0
5837,9.0
5633,9.0
5345,9.0
2479,9.0
4400,9.0
399,9.0
5831,9.0
3617,9.0
3786,9.0
2316,9.0
1925,9.0
4629,9.0
3102,9.0
4009,9.0
676,9.0
1599,9.0
1998,9.0
4801,9.0
5478,8.994505494505495
2210,8.991935483870968
4501,8.99
3675,8.988888888888889
4546,8.988095238095237
3448,8.98611111111111
4845,8.985714285714286
1089,8.985294117647058
566,8.981481481481481
2841,8.980952380952381
2150,8.977272727272727
749,8.976851851851851
2955,8.975
5157,8.975
409,8.970930232558139
4059,8.970149253731343
5272,8.97
2469,8.969444444444445
2267,8.968253968253968
5035,8.967088607594937
1603,8.964285714285714
3673,8.963636363636363
1812,8.963414634146341
268,8.962962962962964
3309,8.961538461538462
2142,8.96111111111111
3202,8.960069444444445
2134,8.958333333333334
1771,8.954545454545455
3965,8.954545454545455
4376,8.952941176470588
428,8.950757575757576
3780,8.95
2940,8.948717948717949
1353,8.948717948717949
503,8.944444444444445
5769,8.944444444444445
3214,8.944444444444445
2908,8.941176470588236
667,8.94
4945,8.939024390243903
5915,8.931481481481482
478,8.930555555555555
1923,8.928571428571429
5738,8.928571428571429
2725,8.928571428571429
28,8.923809523809524
2899,8.923076923076923
736,8.923076923076923
5061,8.923076923076923
4229,8.919444444444444
4089,8.916666666666666
4460,8.916666666666666
5757,8.916666666666666
3255,8.916666666666666
2088,8.916666666666666
2182,8.911764705882353
1753,8.910714285714286
488,8.91025641025641
4747,8.909090909090908
3134,8.909090909090908
4597,8.908333333333333
4388,8.907692307692308
3034,8.90625
2915,8.90625
1645,8.904761904761905
4210,8.9
3775,8.9
5912,8.9
1754,8.9
2131,8.89655172413793
1308,8.895833333333334
3391,8.895833333333334
1691,8.895238095238096
3860,8.894736842105264
3203,8.894736842105264
4265,8.894444444444444
2038,8.891891891891891
3403,8.891891891891891
4512,8.89
5243,8.88961038961039
2402,8.88888888888889
5453,8.88888888888889
2112,8.88888888888889
2930,8.88888888888889
4178,8.88888888888889
986,8.88888888888889
3160,8.88888888888889
3302,8.884615384615385
3118,8.875
605,8.875
2772,8.875
4766,8.875
2970,8.875
2014,8.875
4685,8.875
3741,8.866666666666667
3593,8.866666666666667
3077,8.865384615384615
450,8.863636363636363
3928,8.863636363636363
4539,8.862745098039216
702,8.85952380952381
51,8.859375
4346,8.85897435897436
3166,8.857142857142858
1803,8.857142857142858
4420,8.857142857142858
1578,8.857142857142858
2898,8.857142857142858
1670,8.857142857142858
5476,8.85576923076923
5017,8.854545454545455
2165,8.851851851851851
5167,8.851063829787234
3693,8.85
5582,8.85
3579,8.847222222222221
3670,8.846153846153847
5852,8.846153846153847
3228,8.846153846153847
2116,8.843434343434344
711,8.840277777777779
3848,8.839285714285714
4651,8.833333333333334
2638,8.833333333333334
5363,8.833333333333334
3969,8.833333333333334
5439,8.833333333333334
5411,8.833333333333334
2338,8.833333333333334
3161,8.833333333333334
5545,8.833333333333334
5054,8.833333333333334
3672,8.82857142857143
2225,8.82857142857143
5229,8.82857142857143
4358,8.826923076923077
2697,8.82638888888889
4505,8.825
3687,8.822695035460994
2365,8.821428571428571
4112,8.820512820512821
3084,8.818181818181818
1066,8.818181818181818
5671,8.817204301075268
3431,8.816176470588236
2105,8.8125
2804,8.8125
4677,8.8125
4693,8.80952380952381
1369,8.807692307692308
3470,8.807692307692308
2557,8.807692307692308
4798,8.807692307692308
5447,8.8
5169,8.8
4203,8.8
5557,8.8
5304,8.8
3396,8.795454545454545
3943,8.795238095238096
5055,8.794117647058824
2583,8.790909090909091
3171,8.788461538461538
4609,8.787878787878787
3937,8.787878787878787
4634,8.785714285714286
3538,8.783333333333333
3889,8.783333333333333
1019,8.782608695652174
5922,8.777777777777779
678,8.777777777777779
2082,8.777777777777779
2103,8.777777777777779
5444,8.777777777777779
3584,8.775
4992,8.775
2213,8.772727272727273
3710,8.770833333333334
3275,8.76923076923077
2892,8.76923076923077
2712,8.76923076923077
751,8.762820512820513
3337,8.761904761904763
3178,8.76
964,8.75925925925926
4185,8.75
4464,8.75
1034,8.75
5525,8.75
3902,8.75
2398,8.75
2562,8.75
4147,8.75
4131,8.75
420,8.75
2686,8.74736842105263
4873,8.746031746031745
3263,8.743589743589743
3642,8.742424242424242
3574,8.738095238095237
3333,8.736842105263158
2525,8.73611111111111
3652,8.735294117647058
5489,8.733333333333333
3521,8.733333333333333
191,8.733333333333333
5556,8.728571428571428
2484,8.727272727272727
3101,8.727272727272727
5485,8.727272727272727
5113,8.72549019607843
4176,8.725
5156,8.723529411764705
5125,8.722222222222221
3926,8.722222222222221
1854,8.715277777777779
1020,8.714814814814815
5832,8.714285714285714
1049,8.714285714285714
5373,8.714285714285714
2631,8.714285714285714
5670,8.713333333333333
4484,8.708333333333334
3397,8.704545454545455
5280,8.703125
2084,8.702702702702704
4620,8.7
4026,8.7
5808,8.7
1600,8.7
2144,8.7
5086,8.695652173913043
5021,8.695652173913043
3463,8.694444444444445
2265,8.694444444444445
806,8.692307692307692
5853,8.692307692307692
317,8.69047619047619
4055,8.69047619047619
4099,8.6875
4669,8.6875
3479,8.666666666666666
4262,8.666666666666666
1546,8.666666666666666
5084,8.666666666666666
3764,8.666666666666666
3882,8.666666666666666
5359,8.666666666666666
5024,8.666666666666666
4459,8.666666666666666
3939,8.666666666666666
2991,8.666666666666666
5548,8.666666666666666
4054,8.666666666666666
2015,8.666666666666666
4410,8.666666666666666
4149,8.66
544,8.66
4565,8.65625
2561,8.65625
4829,8.655172413793103
3374,8.653846153846153
1809,8.653846153846153
2607,8.653846153846153
5547,8.652777777777779
4775,8.65
3610,8.65
4379,8.645833333333334
3649,8.644736842105264
5201,8.642857142857142
418,8.638461538461538
4975,8.637931034482758
3006,8.636904761904763
4225,8.636363636363637
436,8.636363636363637
2434,8.636363636363637
5502,8.636363636363637
3332,8.631578947368421
5749,8.625
2770,8.625
2502,8.625
5164,8.625
916,8.625
2685,8.625
1767,8.625
507,8.625
699,8.625
375,8.622222222222222
1468,8.62
3427,8.615384615384615
4087,8.613636363636363
4808,8.61344537815126
3175,8.609375
3567,8.608695652173912
5677,8.607142857142858
3847,8.607142857142858
3357,8.605263157894736
2952,8.604166666666666
5826,8.6
5858,8.6
4510,8.6
4435,8.6
1554,8.6
5836,8.6
5911,8.6
36,8.6
4961,8.595238095238095
500,8.595238095238095
3389,8.594594594594595
1977,8.59375
3442,8.59375
3782,8.59375
5928,8.587301587301587
5032,8.584415584415584
3491,8.583333333333334
3285,8.583333333333334
3542,8.583333333333334
3182,8.583333333333334
2953,8.583333333333334
1773,8.571428571428571
866,8.571428571428571
2630,8.571428571428571
4691,8.571428571428571
1848,8.567567567567568
3650,8.5625
2426,8.5625
5929,8.5625
4846,8.56
4694,8.56
1814,8.558823529411764
3657,8.555555555555555
5487,8.555555555555555
2996,8.55
2995,8.548148148148147
4682,8.547619047619047
4797,8.545454545454545
2099,8.543859649122806
2775,8.543478260869565
3852,8.542105263157895
2293,8.541666666666666
4871,8.538461538461538
3358,8.533333333333333
2136,8.53125
4564,8.53125
1970,8.529411764705882
4343,8.527777777777779
2391,8.526315789473685
2083,8.525
248,8.522222222222222
3643,8.515151515151516
3552,8.511111111111111
2346,8.505050505050505
5860,8.5
2132,8.5
1685,8.5
4631,8.5
4279,8.5
5127,8.5
2939,8.5
5895,8.5
1436,8.5
5566,8.5
3018,8.5
4723,8.5
829,8.5
2913,8.5
675,8.5
4237,8.5
5225,8.5
5014,8.5
769,8.5
2410,8.5
453,8.5
5763,8.5
2734,8.5
4993,8.4875
2766,8.481481481481481
1356,8.48076923076923
3349,8.475
1992,8.475
622,8.473684210526315
1846,8.466666666666667
333,8.464285714285714
4181,8.464285714285714
506,8.461538461538462
4538,8.455128205128204
2889,8.454545454545455
2317,8.454545454545455
4025,8.45
3637,8.447368421052632
1040,8.444444444444445
2076,8.442307692307692
4695,8.44
2904,8.4375
1492,8.433333333333334
3091,8.431818181818182
2858,8.428571428571429
2975,8.428571428571429
5643,8.428571428571429
4719,8.423076923076923
5344,8.422222222222222
5918,8.416666666666666
5249,8.416666666666666
2935,8.416666666666666
5030,8.416666666666666
186,8.416666666666666
4138,8.411764705882353
1961,8.404761904761905
5748,8.402777777777779
4599,8.4
264,8.4
5812,8.4
261,8.4
5630,8.38888888888889
1736,8.38888888888889
5618,8.38888888888889
3894,8.38888888888889
3507,8.38888888888889
5924,8.38888888888889
2108,8.386363636363637
2540,8.384615384615385
5802,8.381578947368421
2653,8.375
2409,8.375
425,8.375
2626,8.375
2637,8.375
3189,8.375
3098,8.363636363636363
3259,8.363636363636363
3361,8.358333333333333
2683,8.357142857142858
4821,8.357142857142858
4765,8.352941176470589
4976,8.351851851851851
3033,8.349019607843138
3668,8.34375
4722,8.333333333333334
1362,8.333333333333334
4877,8.333333333333334
1964,8.333333333333334
2911,8.333333333333334
4570,8.333333333333334
3845,8.333333333333334
365,8.333333333333334
4589,8.333333333333334
3017,8.333333333333334
5071,8.333333333333334
5417,8.333333333333334
3735,8.333333333333334
4963,8.333333333333334
4938,8.333333333333334
2367,8.333333333333334
1789,8.333333333333334
5013,8.323809523809524
4736,8.318181818181818
5077,8.318181818181818
2137,8.3125
2336,8.309027777777779
4083,8.308823529411764
4870,8.307692307692308
3197,8.307692307692308
386,8.3
4657,8.3
704,8.3
5470,8.291666666666666
4980,8.285714285714286
550,8.285714285714286
647,8.285714285714286
5595,8.285714285714286
2859,8.285714285714286
602,8.28125
4038,8.28
4003,8.272727272727273
2737,8.272727272727273
1013,8.272727272727273
3190,8.271604938271604
2277,8.270833333333334
2718,8.25
4674,8.25
4628,8.25
3224,8.25
5305,8.25
4323,8.25
3229,8.25
1903,8.244444444444444
2400,8.238095238095237
4837,8.233333333333333
4943,8.22972972972973
2477,8.222222222222221
2992,8.222222222222221
5287,8.222222222222221
3301,8.222222222222221
2107,8.217391304347826
581,8.208333333333334
5098,8.204545454545455
4171,8.2
5341,8.2
1780,8.2
4686,8.2
3312,8.2
2059,8.2
5811,8.2
52,8.1875
3107,8.1875
4321,8.181818181818182
4637,8.16875
5766,8.166666666666666
5884,8.166666666666666
2310,8.166666666666666
3696,8.166666666666666
2524,8.166666666666666
2756,8.166666666666666
4956,8.166666666666666
110,8.166666666666666
5810,8.166666666666666
3496,8.166666666666666
4133,8.166666666666666
2716,8.148148148148149
1059,8.142857142857142
4186,8.142857142857142
5191,8.142857142857142
2020,8.133333333333333
3973,8.125
2488,8.125
2384,8.125
3831,8.125
4047,8.125
2104,8.125
1759,8.125
3953,8.11111111111111
2664,8.11111111111111
3631,8.11111111111111
4869,8.11111111111111
5289,8.11111111111111
4749,8.105263157894736
2832,8.1
4184,8.1
4780,8.095238095238095
4197,8.09375
2850,8.090909090909092
4302,8.075
1378,8.071428571428571
4234,8.068181818181818
4607,8.066666666666666
3316,8.0625
4235,8.0625
3863,8.0625
3571,8.058823529411764
3209,8.055555555555555
3446,8.055555555555555
5646,8.055555555555555
3605,8.055555555555555
2703,8.05
2932,8.04
3050,8.0
1090,8.0
4167,8.0
4688,8.0
2699,8.0
4663,8.0
1309,8.0
1949,8.0
2531,8.0
4940,8.0
1659,8.0
3231,8.0
5165,8.0
5214,8.0
5611,8.0
4591,8.0
3930,8.0
1872,8.0
5217,8.0
3013,8.0
913,8.0
4511,8.0
3413,8.0
3419,8.0
2888,8.0
5219,8.0
1358,8.0
2549,8.0
3038,8.0
3376,8.0
5898,8.0
4183,8.0
5814,8.0
3663,8.0
4680,7.975
3996,7.973333333333334
2309,7.972222222222222
2181,7.970588235294118
4168,7.966666666666667
337,7.964285714285714
1810,7.961538461538462
2124,7.958333333333333
3315,7.956521739130435
656,7.95
5585,7.95
5721,7.9411764705882355
2417,7.9375
4014,7.933333333333334
5925,7.916666666666667
2757,7.916666666666667
2079,7.909090909090909
501,7.909090909090909
1470,7.90625
708,7.9
4211,7.9
3023,7.9
883,7.9
1651,7.895833333333333
1579,7.888888888888889
2266,7.888888888888889
2879,7.875
5896,7.875
5563,7.875
3108,7.875
4681,7.875
2903,7.875
3314,7.869565217391305
3425,7.866666666666666
2931,7.866666666666666
5829,7.857142857142857
4164,7.857142857142857
3527,7.846153846153846
3975,7.833333333333333
2347,7.833333333333333
554,7.833333333333333
5250,7.833333333333333
3679,7.833333333333333
2584,7.833333333333333
3219,7.833333333333333
3370,7.826923076923077
122,7.825
2385,7.8125
3074,7.8125
3626,7.8
3774,7.8
4696,7.8
403,7.8
4526,7.8
2528,7.791666666666667
1987,7.78125
5231,7.775
5259,7.7727272727272725
4676,7.75
2389,7.75
3261,7.75
2355,7.75
4175,7.75
2196,7.75
2973,7.7368421052631575
5644,7.733333333333333
2348,7.7272727272727275
808,7.722222222222222
4768,7.722222222222222
3899,7.714285714285714
4206,7.714285714285714
5828,7.714285714285714
3356,7.7105263157894735
3629,7.707692307692308
2205,7.703703703703703
670,7.7
3211,7.7
2985,7.6875
3667,7.666666666666667
4166,7.666666666666667
4721,7.666666666666667
3495,7.666666666666667
4545,7.666666666666667
3824,7.638888888888889
902,7.638888888888889
3367,7.625
842,7.625
3240,7.625
1772,7.611111111111111
4017,7.6
5586,7.6
5360,7.6
4773,7.6
5756,7.6
1978,7.590909090909091
4537,7.583333333333333
4373,7.583333333333333
4491,7.583333333333333
5090,7.583333333333333
4728,7.575757575757576
4640,7.5625
4437,7.555555555555555
645,7.55
582,7.533333333333333
4748,7.526315789473684
5210,7.5
321,7.5
2307,7.5
2285,7.5
1732,7.5
3128,7.5
3040,7.5
4743,7.5
3627,7.5
3168,7.5
3540,7.5
2100,7.5
3148,7.5
5050,7.5
4348,7.5
230,7.5
2722,7.5
3183,7.5
3409,7.5
5223,7.5
5580,7.5
2109,7.5
5450,7.481481481481482
4598,7.466666666666667
5626,7.454545454545454
3977,7.428571428571429
1655,7.428571428571429
4860,7.428571428571429
4865,7.428571428571429
3336,7.428571428571429
2592,7.428571428571429
3387,7.416666666666667
2202,7.416666666666667
4256,7.40625
3678,7.4
4443,7.4
3291,7.392156862745098
4933,7.388888888888889
3132,7.357142857142857
5862,7.333333333333333
5454,7.333333333333333
4163,7.333333333333333
4263,7.333333333333333
2102,7.333333333333333
278,7.333333333333333
1806,7.333333333333333
672,7.333333333333333
3854,7.333333333333333
4117,7.3076923076923075
4226,7.3076923076923075
668,7.3
2833,7.3
2543,7.294117647058823
2130,7.266666666666667
2286,7.25
3296,7.25
5851,7.25
2513,7.25
4381,7.25
3298,7.222222222222222
4881,7.222222222222222
778,7.214285714285714
5714,7.2105263157894735
5893,7.2
5561,7.2
5743,7.2
5499,7.181818181818182
4506,7.166666666666667
3920,7.166666666666667
4507,7.166666666666667
4359,7.166666666666667
2415,7.166666666666667
3196,7.153846153846154
4127,7.142857142857143
4267,7.125
2971,7.125
5085,7.125
5940,7.1
452,7.1
1361,7.090909090909091
3912,7.090909090909091
3500,7.090909090909091
3010,7.076923076923077
1644,7.071428571428571
2173,7.066666666666666
2663,7.055555555555555
4294,7.0
3806,7.0
5275,7.0
3917,7.0
2958,7.0
5750,7.0
5847,7.0
3112,7.0
2397,6.916666666666667
3252,6.909090909090909
1359,6.888888888888889
5327,6.875
5188,6.857142857142857
3400,6.833333333333333
2326,6.833333333333333
4374,6.833333333333333
5594,6.833333333333333
1490,6.833333333333333
5636,6.8
2193,6.8
1444,6.8
1322,6.769230769230769
2096,6.75
4969,6.75
5100,6.75
5326,6.75
2314,6.75
4424,6.75
3364,6.714285714285714
5733,6.705882352941177
5822,6.666666666666667
4156,6.666666666666667
1565,6.666666666666667
3974,6.625
830,6.611111111111111
5747,6.6
2380,6.571428571428571
1394,6.571428571428571
1636,6.545454545454546
3047,6.5
2481,6.5
5041,6.5
3794,6.454545454545454
2670,6.4375
4364,6.428571428571429
4421,6.4
5542,6.4
3676,6.393939393939394
4395,6.375
846,6.375
21,6.357142857142857
2874,6.333333333333333
1207,6.333333333333333
1488,6.333333333333333
2993,6.333333333333333
1552,6.2727272727272725
3770,6.25
4143,6.25
529,6.25
5496,6.222222222222222
641,6.214285714285714
5510,6.2
2080,6.181818181818182
4911,6.166666666666667
4936,6.0
3640,6.0
2313,6.0
2882,6.0
3232,6.0
2483,6.0
2681,6.0
4656,6.0
5208,6.0
5610,5.944444444444445
4725,5.875
5498,5.875
4006,5.833333333333333
3881,5.75
4924,5.75
4423,5.7272727272727275
1568,5.714285714285714
2030,5.666666666666667
4324,5.666666666666667
5130,5.6
5155,5.571428571428571
4965,5.571428571428571
1805,5.571428571428571
2727,5.5
2448,5.428571428571429
5838,5.428571428571429
4228,5.4
514,5.4
4227,5.4
4207,5.333333333333333
1360,5.333333333333333
2746,5.333333333333333
5197,5.25
5820,5.181818181818182
739,5.181818181818182
109,5.166666666666667
2239,5.166666666666667
3796,5.0
55,5.0
5846,5.0
5863,5.0
5222,5.0
2113,5.0
3628,5.0
5276,4.916666666666667
784,4.875
2194,4.8
5539,4.8
4146,4.75
5771,4.625
4623,4.5
3230,4.5
2003,4.333333333333333
4419,4.0
5215,4.0
4660,3.75
3662,3.75
5558,3.6
5528,3.5
5226,3.5
3763,3.5
3896,3.0
3384,3.0
3327,1.6666666666666667
